question,answer1,answer2,generated_answers
How we can effectively convert 2D images to 1D?,"Converting images to 1D data may not be effective because it removes the spatial information, which is crucial for CNNs to detect patterns and features in images.","To effectively convert 2D images to 1D, use techniques like flattening or reshaping the image array, which preserves relevant spatial information while transforming into linear format suitable for 1D processing.","Yes, converting 2D images to 1D can be done by using the conversion function of the 2D image as input to the convolutional neural network (CNN)."
Can we utilize an autoencoder to perform dimensionality reduction on numerical datasets?,"Yes, autoencoders can be applied to numerical datasets for dimensionality reduction by learning a compressed input data representation. They can effectively capture nonlinear relationships and efficiently reduce the dimensionality.","Yes, autoencoders can be used for dimensionality reduction. By training the autoencoder, it learns a compressed representation of the input data, allowing for a lower-dimensional representation that retains important features.","Yes, autoencoders can be utilized to perform dimensionality reduction on numerical datasets by employing the same techniques used for dimensionality reduction in machine learning."
What is NLP's current biggest challenge that is being tried to overcome ?,"The main challenges of NLP is finding and collecting enough high-quality data to train the models. Data is the fuel of NLP, without it models will not perform well or deliver accurate results.","NLP models struggle with tasks that require reasoning, common-sense understanding, capturing long-range dependencies, and handling biases and fairness.","NLP is a field of applied linguistics that focuses on the understanding of language and its relationships, while other fields include computational linguistics, computational linguistics, and computational linguistics of language processing."
Which problems cannot be solved by Neural networks?,"While neural networks have shown great success in various domains, other machine learning algorithms still have their significance. Different algorithms may better suited for specific types of problems","Neural networks are powerful, but they may struggle with problems requiring causal reasoning, symbolic manipulation, small data, and explainable decision-making due to their complexity and black-box nature.","Yes, Neural networks can be used to solve many problems, including image classification, speech recognition, and more."
Is scaling necessary for SVM?,"Yes, scaling the input data is generally recommended when using Support Vector Machines (SVM). SVMs are sensitive to the scale of the features because they involve the calculation of distances between data points.","Scaling the input data is advisable when utilizing Support Vector Machines (SVM) due to their sensitivity to feature scale. Since SVMs rely on calculating distances between data points, inconsistent feature scales can adversely affect their performance.","Yes, scaling is necessary for SVM to ensure that the same features are represented across multiple clusters, ensuring that the same features are represented across multiple clusters."
"Adding layer to a machine learning model can lead to overfitting, correct?",Increasing the number of layers may lead to overfitting in case of low data size because it makes the neural network memorize the training set.,The architecture of the model depends on the data. By adding more layers for a data set with low volume can lead to overfitting.,"Yes, overfitting can occur when a model fails to capture the true patterns of the data, leading to overfitting. Overfitting can occur when the model fails to capture the true patterns of the data, leading to overfitting."
is comparision of model predictions important?,Ensuring the model's right prediction in real world requires validation and testing on independent datasets. It's essential to evaluate the model's performance on unseen data and use appropriate evaluation metrics.,"Yes, comparing model outputs against ground truth or other models is essential for evaluating performance, identifying strengths and weaknesses, and selecting the best model for the task.",The choice of model prediction depends on the specific problem and the specific problem. The choice of model prediction depends on the specific problem and the specific problem.
What is the way to invert the association rules?,"Yes, by inverting association rules, we can identify exceptions or rare patterns that do not follow the usual relationships between items in the data.","To invert association rules, identify items with low support but high confidence, indicating rare patterns. Focus on transactions where the antecedent is present and consequent is absent.","To invert the association rules, you can use the ""Invert association rules"" feature in the RNN, which is a feature extraction tool."
What is the good number of filters we can have?,The number of output channels in a CNN layer corresponds to the number of filters or feature maps generated by that layer.,"The number of filters in a CNN layer depends on the complexity of the task, dataset size, and model architecture. It's typically chosen based on experimentation and computational constraints.",The number of filters we can have depends on the complexity of the problem and the specific problem.
How are Part-of-Speech (POS) tags learned in natural language processing?,"POS tags are learned using supervised or unsupervised learning approaches. Supervised methods involve training on labeled data, while unsupervised methods use statistical models to infer POS tags based on word contexts.","POS tags can be learned through supervised learning, where annotated training data is used to train models that associate words with their respective POS tags, or through unsupervised learning techniques like Hidden Markov Models (HMMs).","POS tags are learned by analyzing the text in the input data, which is then processed by the machine learning algorithm."
"In the real world, which type of machine learning, supervised or unsupervised learning, has more applications?","Supervised learning has a wider range of applications in the real world, as it is commonly used for tasks such as classification, regression, recommendation systems, and natural language processing.","Although both supervised and unsupervised learning have their own applications, supervised learning tends to have a broader range of real-world applications due to its ability to learn from labeled data and make predictions or classifications based on that.","Supervised and Unsupervised Learning are two different approaches to machine learning. Unsupervised learning is a subset of supervised learning that focuses on capturing and analyzing patterns in data, while supervised learning focuses on capturing and analyzing patterns in data."
"I think Model does not depend upon data volume - could be no. of features, layers, params etc.","Yes, the model's complexity, represented by the number of layers, parameters, and features, impacts its performance and efficiency, but not the data volume.","Yes, the model's performance and efficiency depend on its architecture, which includes the number of layers, parameters, and features, not the volume of data used for training.","nk Model does not depend upon data volume - could be no. of features, layers, params etc."
Dense function does the jobs of Convolution as well as Fully connected layer ?,"No, the Dense function in Keras is used to create fully connected layers in neural networks.","While convolutional layers and fully connected layers can be used together in a neural network, they serve different purposes and are implemented differently.","Yes, the dense function in Convolutional Neural Networks (CNNs) is used to map the input data to a dense representation, which is then processed by the convolutional neural network (CNN)."
When does GloVe doesn't work well?,"Yes, GloVe provides vectors for all the words in the corpus used to train the model.","GloVe may not perform as well on out-of-vocabulary words, or words that were not present in the training corpus.","GloVe does not work well when it comes to generating images from images, as it relies on the loss function to generate the images."
In which scenarios or contexts do we typically employ a tanh kernel?,"The tanh kernel is commonly used in scenarios involving non-linear classification or regression tasks, especially when working with support vector machines (SVMs).","The tanh kernel is often employed in machine learning scenarios when dealing with non-linear patterns and tasks, such as text classification or image recognition.","The tanh kernel is a kernel with a fixed number of dimensions, typically in the range 0-255, that captures the spatial patterns of the input data."
"While training, do we start with random weights for every epoch? Or do we take them from the previous epoch?","In SGD, random sampling and shuffling of the dataset reduces the likelihood of selecting the same sample again in subsequent batches, promoting diversity in the data representation during training.","For every epoch, we typically start with the
weights from the previous epoch. The weights
are updated and refined through iterations
within each epoch to improve the model's performance.","Random weights are not mandatory for training, but they can be helpful in generating predictions for future epochs."
what is compression used in autoencoders?,"Autoencoders are used for various applications, including image denoising, data compression, anomaly detection, feature extraction, and generative models like variational autoencoders (VAEs).","In autoencoders, compression refers to the process of reducing the dimensionality of data during the encoding phase, creating a compact representation while preserving essential information for decoding and reconstruction.","Yes, compression is used in autoencoders to preserve the original features and preserve the original information."
Is it a thumb rule to take log(N) as the window size?,"No. The window size depends on the specific problem, data characteristics, and desired outcomes, and it should be determined based on empirical analysis and experimentation rather than a fixed rule.","No, it is not a thumb rule to take log(N)
as the window size. The choice of window
size depends on the specific problem,data
characteristics, and desired trade-off
between accuracy and computational efficiency.","The window size in a neural network is typically a function of the number of neurons in the network, not the number of features. The window size in a neural network can vary depending on the specific problem and the specific architecture."
How to check the seperability of n-dimensional data?,"Appling dimensionality reduction techniques such as PCA, TSNE on dataset transforms data into manageable dimensions. Then plot the data and check the seperability.","After applying dimensionality reduction techniques like PCA or t-SNE on the dataset, the transformed data is represented in a reduced and manageable number of dimensions. Subsequently, the data can be visualized through plotting to assess its separability.","N-dimensional data is not always as reliable as Euclidean distance, as it is not always as accurate as Euclidean distance."
What should be the length of vector in Word2Vec model?,"yes, the number of word vectors in a Word2Vec model is typically equal to the number of unique words in the corpus.",The length is typically between 50 and 300. The exact value depends on the size of the corpus and the complexity of the language being modeled.,"The length of vector in Word2Vec model is determined by the number of words in the vocabulary, and the model calculates the mean squared error (MSE) using the Euclidean distance metric."
How is y_pred used in evaluating the performance of a ML model?,"The y_pred (predicted output) is used in evaluating the performance of a machine learning model by comparing it with the actual target values (y_true). Metrics such as accuracy, precision, recall, F1 score, or loss functions are computed based on the predictions and ground truth to assess the model's performance.","The predicted output (y_pred) from a machine learning model is compared to the actual target values (y_true) in the evaluation process. Performance metrics such as accuracy, precision, recall, F1-score, or mean squared error are computed based on the comparison to assess the model's performance.","Y_pred is a popular choice for evaluating the performance of a model by considering its characteristics, its parameters, and its predictions."
Example of a non-parametric model?,"A non-parametric model is the k-nearest neighbors (KNN) algorithm, where the number of parameters doesn't depend on the data size. It memorizes the entire training set to make predictions, offering flexibility in capturing complex patterns.","An example of a non-parametric model is the k-nearest neighbors (KNN) algorithm. It doesn't have a fixed number of parameters and instead memorizes the training data to make predictions, making it more flexible for complex patterns","A non-parametric model is a model that does not capture the complex relationships between variables or data points. It is typically used for tasks like classification, regression, or visualization."
how 2x2 to 3x3 mapping is happening while sliding,"No, we cannot modify the 2x2 to 3x3 mapping while sliding. It is a fixed operation that is applied to each window as we slide it over the image.","When we slide the window over by one pixel over previous window, we create a new 2x2 window that overlaps with the previous window by one pixel.","x2 to 3x3 mapping is happening while sliding the window, it's not always the best practice to use the same 2x2 for both tasks."
"what are the evalusation methods to determine, if the images have been sufficiently denoised?","Evaluation methods for determining if images have been sufficiently denoised include visual inspection, quantitative metrics like peak signal-to-noise ratio (PSNR) or structural similarity index (SSIM), and subjective assessments through user studies or expert opinions.","Evaluation methods for determining if images have been sufficiently denoised include visual inspection, quantitative metrics such as peak signal-to-noise ratio (PSNR) or structural similarity index (SSIM), and subjective assessment using human observers or user studies.","The evaluation methods used to determine denoising parameters include the following:
Dense, Random Forest, Random Forest with Random Forest Kernel, Random Forest with Random Forest Kernel, Random Forest with Random Forest Kernel, Random Forest with Random Forest Kernel, Random Forest with Random Forest Kernel, Random Forest with Random Forest Kernel, Random Forest with Random Forest Kernel, Random Forest with Random Forest Kernel, Random Forest with Random Forest Kernel, Random Forest with Random Forest Kernel, Random Forest with Random Forest"
How Convolution network works?,A convolutional neural network (CNN) works by applying a series of convolution operations to the input data. Convolution is a mathematical operation that takes two matrices as input and produces a third as output.,A CNN works by passing the input data through the layers in a feed-forward manner. The output of the final layer is the prediction or classification of the input data.,"Yes, the Convolutional Neural Network (CNN) is a type of neural network that learns from input data and outputs a series of convolutions based on the input data."
"What are the various data that can be used for machine learning applications, besides images?","Besides images, various types of data can be used for machine learning applications, such as text data, numerical data, time series data, audio data, video data, sensor data, and graph data, among others.","Besides images, machine learning applications can utilize various types of data, including text documents, numerical data, time series data, audio signals, video data, sensor data, geospatial data, and structured or unstructured data in general.","Data mining is a field where data is often used to build models, but it can also be used for other applications, such as image recognition, speech recognition, and machine learning."
Can we create clusters using decision trees instead of k-means clustering?,Decision trees can be extended to clustering problems with an adjustment like a new split criterion that does not require the labels for the tree construction is therefore needed.,"In traditional decision tree algorithms, the split criterion is based on the labels. However in clustering, a new split criterion is needed that relies solely on the input features to partition the data into clusters.","Decision trees are not the only way to create clusters, but they can be a powerful tool for building clusters that capture complex relationships between data points and provide insights into the underlying patterns and patterns of the data."
Which are the other kind of problems for which deep learning is used?,"Deep learning is used for various problem domains, including computer vision tasks like image classification, object detection, and image segmentation.",Deep learning is used to identify and work with problems related to regression & NLP.,"Deep learning is used for tasks like image classification, natural language processing, and sentiment analysis."
what are the aspects that help select a ML Model?,"Aspects that help select a machine learning model include the nature of the problem (classification, regression, etc.), available data, complexity requirements, interpretability, computational resources, and evaluation metrics.","Aspects to consider when selecting a machine learning model include the problem type (classification, regression, etc.), data availability and size, model complexity, interpretability, computational requirements, and performance metrics.","The choice of model depends on the specific problem and the specific problem. ML models are typically designed for tasks like sentiment analysis, machine learning, and data visualization."
What is a neuron in neural netwprks in machine learning?,"In machine learning, a neuron in a neural network is a computational unit that takes weighted inputs, applies an activation function, and produces an output, contributing to information processing and decision-making in the network.","A neuron in a neural network is a mathematical function that receives input, applies weights and biases, and applies an activation function to produce an output. Neurons collectively perform computations and enable learning in the network.","A neuron in neural network is a set of neurons that are connected to each other by a single neuron. Each neuron in the network receives input data from all neurons in the previous layer, and the output of each neuron is updated based on the input data."
What are the other applications of unsupervised learning than clustering?,"Other applications of unsupervised learning are text generation, object recognition, anomaly detection, recommendation engines etc.","Unsupervised learning is commonly used in other applications like text generation, object recognition, anomaly detection, recommendation engines etc.","Unsupervised learning is a popular approach to clustering, where the model learns to combine information from multiple sources, including neighbors, and then assigns weights to each of these sources."
What is the difference between NLP and speech processing?,"NLP, which stands for natural language processing deals with human text. On the other hand, speech processing deals with speech.","The difference is in their modalities. NLP deals with text, while speech processing deals with audio.","NLP is a subset of speech processing that focuses on capturing and processing the human voice. It focuses on capturing and processing the emotional and emotional characteristics of the speaker, while speech processing focuses on capturing and processing the human voice."
What are the various initialization methods in a neural network?,"Various neural network initialization methods include random initialization, Xavier/Glorot initialization, He initialization, and orthogonal initialization, which set initial weights for effective learning.","Various initialization methods in a neural network include random initialization, Xavier/Glorot initialization, He initialization, and uniform, normal, or truncated normal distributions to set initial weights and biases, affecting training performance.","In a neural network, the initial initialization method is to initialize the weights of the network with respect to the input data, then perform the initialization steps for subsequent layers."
What are the steps of town down approach in hierarchical clustering?,"The best criteria for splitting clusters is often based on maximizing the inter-cluster dissimilarity or minimizing the intra-cluster similarity, such as using measures like distance, linkage criteria or variance reduction.",The criteria for top down approach is to check sum of squared errors of each cluster and choose largest SSE value as one cluster and the rest as another cluster.,"The steps of town down approach in hierarchical clustering are as follows:
Identify clusters with high levels of clustering, identify clusters with low levels of clustering, and identify clusters with high levels of clustering."
Is it possible to combine speech and video data to enhance the understanding of emotional intelligence?,"Yes, combining speech and video data can provide richer cues for analyzing emotional intelligence, leveraging both vocal and visual expressions.",Integrating speech and video data can improve the comprehension of emotional intelligence by capturing both verbal and non-verbal emotional cues.,"Yes, combining speech and video data can enhance the understanding of emotional intelligence by enabling the user to better understand emotional expressions and patterns, enabling them to better understand emotional patterns and patterns in the real world."
Is it a good idea to initialize the weights in any neural network as per Gaussian random distribution?,"Gaussian random distribution has a zero mean and a unit variance, which helps to prevent the network from becoming too biased or too unstable. Hence good for initialization of weights in any neural network.","Using Gaussian random distribution for weight initialization may work well for networks that have simple architectures, linear or symmetric activation functions, and robust optimization algorithms.","Yes, initialize weights in any neural network as per Gaussian random distribution."
What is the reason for making the sample again 100% by adding the replication?,"To increase the statistical power, generalizability or reduce the variance of study results, the sample might be made 100% again by adding replication.",Adding replication to a sample can be a good way to improve the quality of a study.,"To make the sample 100% by adding the replication, you can use the Random Forest algorithm, which is a popular choice for training models with high-dimensional data."
"Can association rules be inverted to identify exceptions, such as items that are not commonly associated with each other?","Yes, association rules can be inverted to identify exceptions or dissociations.","Yes, association rules can be used to identify exceptions, such as items that are not commonly associated with each other. Association rule mining is a technique used to discover relationships between items in large datasets.","The association rules for association rules are not always symmetric, but they can be skewed to identify exceptions."
Is stride always choosen as 1 or can it be any number?,"Stride is not always 1, although 1 is a common choice for many convolutional neural networks. It can be set to any positive integer value, depending on the desired output size and the optimization algorithm.","No, stride is not always 1. It can be any integer value. The stride is typically chosen based on the specific application and the trade-off between accuracy and computational complexity.","Yes, the stride of a tensor can be any number. It can be any number, including 1, 2, 3, 4, 5, or any number of tensors."
How can ImageNet be used to build a custom machine learning model?,The ImageNet dataset is used to build custom models by using the pre-trained weights of a pre-trained model. The weights of the pre-trained model are frozen and then new layers are added to the model.,ImageNet is a large dataset of images that is used to train and evaluate image classification models. The dataset can be used to fine-tune a custom image classification model.,ImageNet can be used to build a custom machine learning model by building a custom model using ImageNet libraries.
"In the Sequential API, which method is used to specify the optimizer?",compile() method is used to pass the optimizer in sequential api.,"In the Sequential API of Keras, the optimizer is specified using the compile method of the model. The compile method takes several arguments, including the optimizer, loss function, and metrics",The optimizer is a function that takes a single value as input and returns a value that represents the predicted performance of the optimizer.
what is CART (Classification and Regression Trees) algorithm?,"The CART (Classification and Regression Trees) algorithm is a decision tree-based machine learning algorithm used for both classification and regression tasks, splitting data based on feature conditions to create a tree-like structure for predictions.",The CART (Classification and Regression Trees) algorithm is a decision tree-based machine learning algorithm that recursively splits data based on feature values to perform classification and regression tasks.,"CART (Classification and Regression Trees) is a popular algorithm used in classification and regression tasks. It is a linear classification algorithm that assigns weights to a set of randomly generated features, and assigns weights to the predicted labels."
What are the possibilities of number of neurons in the output layer?,"The number of neurons in the output layer depends on the specific problem. It can be one for binary classification, equal to the number of classes for multi-class classification, or variable for other tasks such as regression or multi-label classification.","The number of neurons in the output layer depends on the problem type: 1 neuron for binary classification, N neurons for N-class classification, 1 neuron for regression, and M neurons for M-label classification.",The number of neurons in the output layer can vary depending on the task at hand.
"How can we incorporate the influence of
additional features,apart from the
observation itself?","To factor in the impact of other features,
use a multi-variate model like VAR(Vector
Autoregression) or LSTM with additional
input features to capture their influence
on the time series predictions.","To incorporate the impact of other
features,use multivariate models like
LSTM with multiple input nodes,considering
the target variable and relevant features
during training to enhance forecasting accuracy.","Adding additional features can help
improve the model's performance,providing
more context and insights for future
learning."
Can we apply Autoencoders on numerical datasets for dimentionality reduction?,"Yes, autoencoders can be used on numerical datasets for dimensionality reduction. They learn to compress the input data into a lower-dimensional representation, and then reconstruct the original data from the compressed representation.","When applied to numerical datasets, autoencoders can be used to reduce the number of features in the data while preserving as much information as possible.","Yes, we can apply Autoencoders on numerical datasets for dimentionality reduction by applying them to numerical datasets, such as the NNLP dataset, where the number of neurons is typically less than the number of features."
How we can apply CNN to text and pictures?,"To apply CNNs to dynamic data like audio, we can use techniques like sliding windows or spectrogram representations to convert the dynamic data into fixed-size inputs suitable for CNNs.","For text, CNNs can use 1D convolutions over word embeddings to capture local patterns. For images, CNNs use 2D convolutions to detect features and patterns in image pixels","CNNs can be applied to text and images, as they capture the emotional and spatial patterns of text and images."
Are they not mutually exclusive?,"When both approach 1, it means model is able to correctly identify all of the positive cases in the dataset without incorrectly classifying any of the negative cases as positive.","that false positive and true positive are not mutually exclusive. When a model makes a prediction, it can be either a true positive or a false positive.","Yes, they are mutually exclusive. The choice of which model to use depends on the specific problem and the specific problem."
"What is the significance of the term ""Natural language""? Does this imply the existence of unnatural languages as well?","The term ""natural language"" refers to languages used by humans for communication. While ""unnatural languages"" may exist, it typically refers to artificially constructed languages or specialized jargon.","Meaning of natural language lies in the development and understanding of machine learning models that can process, generate, and comprehend human language. the term ""unnatural language"" is not commonly used.","Natural language processing is a fundamental part of human language processing, enabling us to understand and interpret language and other forms of communication."
Is it possible to associate specific kernel functions with particular problem statements or domains in machine learning?,"Yes,certain kernel functions may be more suitable for specific problem statements based on the characteristics of the data, such as linear kernels for linearly separable problems or radial basis function (RBF) kernels for non-linear patterns.","Absolutely,the choice of kernel functions can be domain-specific or problem-dependent. For instance, the polynomial kernel may be effective for image classification tasks, while the Gaussian kernel can be advantageous for sentiment analysis or text classification.","Yes, it is possible to associate specific kernel functions with specific problem statement or domain in machine learning."
When is backpropagation typically performed in a neural network training process?,"Backpropagation is performed during the training phase of a neural network after the forward pass, where the gradients are computed and used to update the weights and biases.",Backpropagation is typically executed after each forward pass in the training process of a neural network to calculate the gradients of the loss function with respect to the network's parameters.,"Backpropagation is performed in a neural network by adjusting the weights of the convolutional filter to minimize the loss function, and then propagating the weights back to the beginning of the training process."
Is convoluton a dimensionality reduction technique?,Convolutional operations in CNNs primarily used for feature extraction rather than dimensionality reduction.,"In convolutional neural networks, convolution is used to extract features from the input data. The filters in a CNN are trained to detect specific patterns in the data, such as edges, corners, or textures.","Yes, the number of convolutions in a tensor can be reduced by reducing the dimensionality of the input data by a factor of two."
Are there any databases similar to ImageNet that contain X-Ray images for classifying human diseases?,"Yes, there are databases available that resemble ImageNet but contain X-Ray images specifically curated for the classification of various human diseases.","Several databases exist that provide X-Ray images similar to ImageNet, specifically designed for the classification of human diseases using machine learning techniques.","There are several databases that contain X-ray images for classifying human diseases, including the National Institute of Allergy and Infectious Diseases (NIAID), the National Institute of Standards and Technology (NIST), and the National Institute of Standards and Technology (NIST-T)."
"At the beginning of each epoch, do we initialize the weights randomly, or do we use the weights from the previous epoch?",The weights are typically either initialized randomly or carried over from the weights obtained in the previous epochs,"No, we do not start with taking random weights for every epoch. The idea is to continue improving the model by updating the weights based on the gradients calculated from the previous epoch.","The weights from the previous epoch are initialized randomly, and they are updated using the weights from the previous epoch."
what's the main objective of this consonant classification in speeech recognition?,The main objective of consonant classification in speech recognition is to accurately identify and categorize consonant sounds to improve overall speech understanding and transcription accuracy.,"Consonant classification involves the process of categorizing different consonant sounds. This is crucial for training and fine-tuning ASR models, allowing them to accurately transcribe and understand spoken words.","The main objective of consonant classification in consonant recognition is to identify consonant clusters, which are typically represented by a single consonant."
Can the number of clusters change during the iteration of a clustering algorithm?,"Yes, the number of clusters can change during the iteration of a clustering algorithm, particularly in dynamic or hierarchical clustering methods that adaptively merge or split clusters based on certain criteria.","Yes, in certain clustering algorithms like hierarchical or density-based methods, the number of clusters can change dynamically during the iteration as clusters merge or split based on defined criteria.","The number of clusters in a clustering algorithm can change during the iteration of a clustering algorithm, depending on the specific problem and the specific clustering algorithm."
Do search engines also use web scraping?,"Yes, search engines also use web scraping to collect and index data from the web.","Yes, Search engines use web scraping to crawl the web and discover new or updated pages.","Yes, web scraping is a popular way to find web pages that are similar to your web browser's content. It can be done by scraping pages from various web pages, or by using web scraping tools like Kibana or Kibana."
Is it generally recommended to initialize the weights (W's) in a neural network using a Gaussian random distribution during the random initialization process?,"Yes, it is commonly advised to initialize the weights (W's) in a neural network using a Gaussian random distribution for better performance and convergence during training.","Yes, initializing the weights (W's) in a neural network with a Gaussian random distribution is a widely used and effective approach for better training performance.","Yes, initialize weights in a neural network using a Gaussian random distribution during the initialization process."
How is padding useful in image processing?,Padding allows for more space to the filter to cover the image.,It is useful to reduce the loss of information at the borders of the image while processing through filters.,"Yes, padding is used to prevent the loss of information during processing, preventing the loss of information during image processing."
What is the difference between Natural Language Processing and speech processing?,"NLP, which stands for natural language processing deals with human text. On the other hand, speech processing deals with speech.","The difference is in their modalities. NLP deals with text, while speech processing deals with audio.","Natural language processing is a subset of speech processing that focuses on extracting meaningful patterns from text, while speech processing focuses on capturing and interpreting human language."
"How can we ensure that models consider external factors, such as the COVID-19 pandemic, which caused sales to decline and no sales during lockdowns?","To ensure model learns external impacts like COVID's effect on sales, include relevant data from that period during training. Incorporate features representing lockdowns or other related information to help the model adapt to such changes.","To ensure that models consider such external factors, it is important to incorporate relevant data and information into the model.","To ensure that models consider external factors, such as the COVID-19 pandemic, which caused sales to drop during the lockdown, we can use models that capture the impact of the trade-off between availability and cost."
What are different activation functions in a NN?,"Different activation functions used in neural networks include Sigmoid, ReLU (Rectified Linear Unit), Leaky ReLU, Tanh (Hyperbolic tangent), Softmax, and Linear activation functions.","Different activation functions used in neural networks include Sigmoid, ReLU, Leaky ReLU, Tanh, Softmax, and Linear. Each has specific properties and is suitable for different scenarios based on non-linearity, range, and differentiability requirements.","Activation functions in NN are typically activation functions that are learned from input data, such as activation functions, which are then used to update the model's weights and update the model's parameters."
"Is convolution primarily used to reduce
dimensionality in neural networks?","Convolutional operations in CNNs are primarily
used for feature extraction,capturing spatial
relationships. Pooling operations are typically
employed to reduce dimensionality by
down-sampling feature maps.","Not, but to extract spatial features. Dimensionality reduction is often achieved through other techniques like pooling or fully connected layers.","Yes, convolutional
extraction and optimization techniques can be used to
improve the performance of neural networks by
improving the
dimensionality of the output,
providing better context
for the input and improving
the model's performance."
"During the preprocessing of data, how can anomalies be identified?","Anomalies can be detected by applying statistical techniques such as z-score, interquartile range, or Gaussian distribution-based methods to identify data points that deviate significantly from the norm.","Anomalies can be determined through various methods such as outlier detection algorithms, density-based clustering, or machine learning approaches specifically designed for anomaly detection, like isolation forests or one-class SVMs.",The anomaly detection process involves analyzing the data and identifying anomalies by analyzing the patterns and patterns of the data.
How important is data mining in the context of machine learning and artificial intelligence?,"Data mining is crucial in ML and AI. While data mining prepares data, ML automates predictions without any human intervention, enables AI systems to make decisions autonomously.",The AI systems use the data mining technique in mined data to create solutions. Data mining is a part of programming codes with information and data necessary for AI systems.,"Data mining is a crucial part of machine learning and artificial intelligence to ensure that the data is as accurate as possible, ensuring that the data is not skewed or skewed in any way."
What is the reason behind choosing max pooling instead of average pooling?,"Max Pooling is chosen over Average Pooling in CNNs for tasks like image recognition because it retains the most activated features, providing better spatial and preserving critical patterns for accurate classification.","Max pooling is more suitable when you want to extract only the most prominent features of the data, while average pooling is more suitable when you want to preserve more information and reduce noise.","Max pooling is a better choice for capturing the heterogeneity of the data, while average pooling is more suitable for capturing the heterogeneity of the data."
does the 1st dense includes 1 hidden layer alongwith input layer or just input layer?,"The first dense layer includes both the input layer and the hidden layer. It connects all input features to neurons in the hidden layer, performing the initial transformation of data in the neural network.","The first dense layer combines the input layer and the hidden layer. It connects all input features to the hidden neurons, representing the initial transformation step in the neural network.","Yes, the 1st dense includes 1 hidden layer along with input layer or just input layer."
Compare Gassian random distribution against other methods of intialization?,"Gaussian random distribution initializes weights with random values following a normal distribution. It's widely used but requires careful tuning, while Xavier/He are better suited for deeper networks.","Gaussian random distribution initializes weights randomly from a normal distribution. Compared to other methods, like Xavier and He, it can lead to slower convergence and might be more prone to vanishing or exploding gradients in deep networks.","Yes, GASS can be used to generate random representations of the data by randomly assigning the same number of samples to different subsets of the same dataset."
does this data thumb rule apply for both classification & regression problems?,"the amount of data needed to train an accurate model depends on a variety of factors, including the complexity of the model and the dimensionality of input data.","In k-folds the data is splitted into the k equal sized folds and model is tested k times, this helps in getting more accurate data.","Yes, the thumb rule of thumb applies to both classification & regression problems. It applies to both classification & regression tasks, as well as both linear and non-linear classification and regression."
How does the mapping from a 2x2 input to a 3x3 output occur during sliding in convolutional operations?,2x2 input maps to a 3x3 output via sliding convolution using filters.,"During sliding in convolution, a 2x2 input window is mapped to a 3x3 output by element-wise multiplication with the convolutional kernel, and then the results are summed to form the output.","The mapping from a 2x2 input to a 3x3 output is performed by sliding the input through a series of sliding filters, where each filter is connected to the previous filter."
Can it be controlled by human?,The number of features selected in each tree is a hyperparameter in Random Forest.,"It can be controlled through settings such as ""max_features"" or ""max_samples"" during training.","Yes, it can be controlled by human intervention. It can be done through various methods, such as through the use of tools like speech recognition, machine learning, or through the use of data mining."
Give one example where y_pred is used?,"When evaluating the performance of a model, the `y_pred` variable is compared to the actual output to calculate various metrics such as accuracy, precision, recall, and F1 score.","in the case of a binary classification problem, the `y_pred` variable would contain a set of predicted binary labels (0 or 1)","Y_pred is a function that takes a random number and returns a value that represents the predicted value. It returns a value of 1 if the prediction is true, 0 otherwise."
Does dataset need to have same number of samples in each class for model training?,"Dataset doesn't need approx same number of samples in each class, skewed classes llike IMAGENET also be used for training.","Necessarily it depends on the specific problem, skewed dataset like IMAGENET can give more realistic results as model learns to handle the natural imbalance in real world data.","Yes, the dataset needs to have the same number of samples in each class for model training."
How to ensure models consider external impacts like COVID-related sales decline during lockdowns?,"One approach is to include relevant external factors, such as lockdown periods as additional features in the training data, enabling the model to learn their influence on the target variable.","we can use time series analysis techniques that explicitly capture temporal dependencies and seasonality, allowing the model to adapt and learn from the historical patterns and fluctuations caused by external factors.","To ensure models consider external impacts like COVID-related sales declines during lockdowns, ensure that models consider the impact of the trade-off between minimizing the impact of trade-offs and maximizing the performance of the model."
What are the applications of Autoencoder and PCA?,"Autoencoders are used for data compression, denoising, and anomaly detection, while PCA is employed for dimensionality reduction and feature extraction in data analysis.","Autoencoders are used in dimensionality reduction, feature learning, and image denoising. PCA is applied in dimensionality reduction, data compression, and noise reduction for feature extraction.","Autoencoders are used for tasks like image classification, image processing, and speech recognition. PCA is used for tasks like image classification, image processing, and speech recognition."
How to leverage pretrained models for any specific machine learning task?,A wide range of pre-trained models are publicly available. These model allows us to leverage existing knowledge thereby models can improve performance on new tasks and save time.,"By leveraging pretrained models, you can benefit from their learned features and knowledge, reducing the need for extensive training from scratch and speeding up the development of machine learning models for specific tasks.","To leverage pretrained models for any specific machine learning task, you can use pretrained models for tasks like classification, regression, or sentiment analysis."
"Whether the ""images"" in later layers of a CNN are actually images or just interpreted as images due to RGB logic?","In later layers of a CNN, the activations represent abstracted and transformed visual features rather than literal images. which may not resemble the original input images.","The ""images"" in later layers of a CNN are representations of extracted features rather than actual images.","Images are not necessarily images, but they are used to represent the features of the network."
Is deep learning only used for classification problems?,"No, deep learning is not only used for classification problems. It can be used for other tasks such as classification, regression, and generation","Deep learning and CNN can also be used for other problems such as classification and generation. For example, predicting share prices.","Yes, deep learning is used for classification problems by extracting features from data, but it is not the only way to learn from data."
Is there any sub-branch of Speech recognition deals with converting brain electrical signals to speech ?,"Yes, there is a sub-branch of speech recognition that deals with converting brain electrical signals to speech. It is called brain-computer interface (BCI).","Yes, there is a sub-branch of speech recognition that deals with converting brain electrical signals to speech.","Yes, there is a sub-branch of Speech recognition called ""Brain-Computer Interface (BCI) for Speech Recognition."" It deals with converting brain electrical signals to speech."
"When or where do Validating constraints or rules such as height-weight ratios, volume-density relationships, or any other domain-specific constraints in a neural network takes place?","Validating constraints or rules in a neural network occurs during the model evaluation phase, where the network's predictions are checked against domain-specific guidelines or limitations.",Validating constraints or rules specific to a domain takes place during the model evaluation or inference phase in a neural network. This ensures the model's outputs adhere to the domain-specific requirements and conform to real-world constraints.,"In a neural network, validation rules or rules are applied to the input data, and the network learns from the input data to update its weights and biases based on the input data."
Is it possible for a model to fail in properly grouping certain data points? What steps should be taken in such a scenario?,"Yes, models can struggle to group certain data points. In such cases, refining the model architecture, feature selection, or collecting additional data may help improve the grouping accuracy.","It is possible for models to encounter difficulties in accurately grouping specific data points. Potential solutions include fine-tuning the model, incorporating ensemble methods, or addressing data quality issues through preprocessing techniques.","To ensure that the model is not misclassified, it is essential to ensure that the data points are not randomly assigned."
How does the mapping from a 2x2 to a 3x3 size occur during the sliding process?,"When sliding a 2x2 filter over an image, a 3x3 region is created by extending the filter's size with zero padding on the right and bottom sides.",Zero padding is added on the sides for extending the filter from 2x2 to 3x3.,"The mapping from a 2x2 to a 3x3 size is performed by sliding the 2x2 and 3x3 axes along a fixed axis, and then sliding the 3x3 axes along a fixed axis."
What is the difference between NLP and speech processing?,"NLP, which stands for natural language processing deals with human text. On the other hand, speech processing deals with speech.","The difference is in their modalities. NLP deals with text, while speech processing deals with audio.","NLP is a subset of speech processing that focuses on capturing and processing the human voice. It focuses on capturing and processing the emotional and emotional characteristics of the speaker, while speech processing focuses on capturing and processing the human voice."
Is data normalization/scaling applicable in the context of speech recognition?,"Yes, data normalization/scaling is applicable in speech recognition to ensure consistent ranges and improve the performance of machine learning algorithms.","Data normalization/scaling is commonly used in speech recognition to bring features to a similar scale, aiding in accurate modeling and enhancing algorithm performance.",Data normalization/scaling applicable in the context of speech recognition is not applicable in the context of speech recognition. It is not a specific algorithm or technique that can be applied to speech recognition tasks.
"In CNNs, how can we visualize layers and filters? Do we interpret the weights as RGB pixel values, and how do we handle values beyond the 0-255 range? Maintain the context in the rephrased question.","In CNNs, visualizing layers and filters involves mapping weights to pixel values. Normalization techniques like scaling or clipping ensure valid visualization range.",Visualizing CNN layers and filters maps weights to pixels. Scaling or clipping normalizes values to ensure a valid visualization range.,"CNNs can be used to visualize layers and filters, but they are not necessarily the same as image processing."
How we can load bin file?,"It does not automatically load binary files, as binary files are not in JSON format.","For loading binary files, we can read the file directly using a file I/O library or converting the binary data to a format that can be represented in JSON.",Loading bin file in PyTorch or Gluster Image Encoder.
What are the reasons for using max pooling instead of average pooling? Provide insights into the context of choosing max pooling.,"Max pooling preserves dominant features, aiding in detecting significant patterns. Avg pooling might dilute important information, affecting performance.","Max pooling emphasizes prominent features, enhancing pattern detection. Avg pooling may blur important details, impacting performance negatively.","Max pooling is a technique used to minimize the number of connections in a given pool, reducing the number of connections in the next layer."
What is the purpose of using a limit or max limit in a given context?,"In mathematics, a limit determines the behavior of a function as the input approaches a particular value or infinity, providing insight into its convergence or divergence.","Setting a maximum limit establishes an upper bound or restriction on a variable, quantity, or process, preventing it from exceeding a specified value or threshold.","The purpose of a limit or max limit is to limit the number of elements in a given context, preventing the creation of unnecessary or redundant information."
Is clustering a suitable technique for determining the optimal placement of Content Delivery Networks (CDNs) in cloud infrastructure?,"Clustering can be employed to identify suitable locations for placing CDNs in cloud infrastructure, considering factors like network proximity and demand distribution.","Yes, clustering can be utilized to determine optimal CDN placement in the cloud by considering factors such as network latency, traffic patterns, and geographical distribution of users.",Clustering a suitable technique for determining the optimal placement of Content Delivery Networks (CDNs) in cloud infrastructure is a common approach used for clustering data in clusters.
Mention few methods used for cutting neural networks?,"Some methods used for cutting neural networks include pruning (removing unnecessary connections/weights), quantization (reducing precision of weights), and knowledge distillation (transferring knowledge from a larger network to smaller one).",Distillation is another method to cut the neural networks.,"Some methods for slicing neural networks include:
Slicing with a single neuron,
Slicing with multiple neurons,
Slicing with multiple layers,Slicing with multiple layers
for more complex models,Slicing with multiple layers
for more complex models,Slicing with multiple layers
for more complex models,Slicing with multiple layers
for more complex models,Slicing with multiple layers
for more complex models,Slicing"
Does Unsupervised Learning solely apply to 'grouping' or 'clustering'? Are there other applications for unsupervised learning?,"No, unsupervised learning encompasses more than just grouping or clustering. It also includes dimensionality reduction, anomaly detection, and generative modeling, among other applications.","Unsupervised learning extends beyond grouping or clustering tasks. It is also utilized for tasks like pattern discovery, feature extraction, data visualization, and anomaly detection in various domains.","Unsupervised learning is a subset of supervised learning that focuses on discovering patterns and relationships between data and the environment, enabling the model to learn from and learn from diverse data sets."
How do discrimination and reliability differ from each other?,"Discrimination refers to the ability of a measurement or test to differentiate between distinct groups or categories, while reliability pertains to the consistency and stability of the measurement or test results over repeated administrations.","Discrimination relates to the extent to which a measurement can effectively distinguish between different groups or levels, whereas reliability focuses on the consistency and precision of the measurement or test results under varying conditions.",Discrimination and reliability are not mutually exclusive. Discrimination and reliability are mutually exclusive.
Which holds more signficance: classification or regression?,There is no holy grail between classification and regression. Both have distinct purposes. Their significance depends on the problem and data type.,Both are machine learning techniques which are applied based on problem statement in hand.,"Classification or regression is a commonly used approach to model complexity, but it is not always the most effective approach."
Is it recommended to use MATLAB for speech processing?,"Yes, Matlab can be used for speech processing and it has a collection of algorithms that can offer immediate visual feedback. But Python has tons of libraries and packages to solve any contemporarry problems.","MATLAB is a recommended option for speech processing due to its versatility and ease of use. Python with libraries such as NumPy, SciPy, and librosa are also popular choices for speech processing tasks.","MATLAB is a popular choice for speech processing tasks, but it is not always the best choice for tasks like speech recognition or machine translation."
Is it always feasible to transform data to a linearly separable form by increasing the dimensionality by one?,"No, increasing the dimensionality by one does not guarantee that the data can always be linearly separable. Some datasets may require a higher-dimensional space or nonlinear transformations to achieve linear separability.","Not necessarily, increasing the dimensionality by one does not always lead to linear separability. In certain cases, more complex transformations or higher-dimensional spaces may be required to achieve linear separability in the data.","Yes, increasing the dimensionality can be beneficial in reducing the dimensionality of data by increasing the number of features."
How does window size parameter affect the context of a given word in NLP?,"A larger window size captures more topical or semantic similarity, while a smaller window size captures more syntactic or functional similarity.","A greater window size encompasses greater topical or semantic similarity, whereas a smaller window size encompasses more syntactic or functional similarity.","The window size parameter affects the context of a given word in NLP, influencing the semantics of the word and its context."
"Is it necessary to comprehend the features
extracted by CNN or can we simply feed
them into Random Forest and let the
machine handle the task?
Why is backpropagation not applicable to
Random Forest, and what are the reasons behind it?","Understanding CNN features aids
interpretability and model improvement.
Feeding features to Random Forest is
valid,but interpretability may be
limited.Backpropagation is specific
to neural networks.Random Forest is
not based on gradients,making
backpropagation infeasible.","Understanding CNN features aids model
interpretation,debugging and performance
improvement.Feeding features into RF
works,but comprehension enhances fine
tuning and better decision-making.
Backpropagation relies on gradients,
specific to neural networks.","Backpropagation is not applicable to
CNNs, as it involves subtracting
the features from the input data."
"How do any constraint/rules like height weight ,or volume density,fit etc can be validated in neural networks, at which layer?","Constraints and rules like height, weight, volume, density, and fit can be validated in neural networks using a variety of methods like weight regularization, dropout and custom layers.","There are different ways to validate constraints or rules in neural networks, depending on the type of constraint and the type of network.","Constraints like height weight,volume density,or dimensionality are commonly validated in neural networks, at which layer."
Can self-supervised learning be the apt approach for fraud detection where count of true positives is very low in reality?,Self-supervised learning can learn to identify patterns in the data that are not easily identifiable by traditional supervised learning methods. Hence can be an apt approach for use case like fraud detection.,"Yes, self-supervised learning can be a good approach for fraud detection use cases where the number of true positives is very low in real life.",Self-supervised learning is a powerful approach for fraud detection where count of true positives is very low in reality.
"In simple terms, how is feedback different from backpropagation in the context of neural networks?","Feedback in neural networks refers to the flow of information from higher to lower layers, whereas Backpropagation Algorithm for weight updates based on error signal","While feedback is a general concept of information flow, backpropagation is a specific technique used to optimize the network's performance by adjusting its weights.","Feedback is a process of adjusting the weights of a neural network based on the input data, typically through backpropagation. Backpropagation is a process of adjusting the weights of a neural network based on the output data, typically through backpropagation."
Is it appropriate to interpret the weights as RGB pixel values? What occurs when certain numbers exceed the 0-255 range?,"To visualize layers & filters in a NN, we use techniques like activation visualization, or deconvolutional networks. We don't simply treat weights as RGB pixel values, if numbers are beyond 0-255 range are rescaled or clipped for visualization.","Any value outside the 0-255 range would be invalid, as each color channel in an RGB image can only have values between 0 and 255.","The weights in the convolutional neural network (CNN) are typically assigned to a specific value, typically 0,255, to represent the mean squared error (MSE)."
Can RGBa images be considered as a 4D array in image processing?,"Yes, RGBa images can be represented as a 4D array, where each pixel contains values for red, green, blue, and alpha channels, enabling transparency information.","Absolutely, in image processing, RGBa images can be treated as a 4D array, with the dimensions representing width, height, color channels (red, green, blue), and alpha channel for transparency.","Yes, RGBa images are considered as a 4D array in image processing. They are typically composed of a single RGB pixel, which is then processed into a 4D image by the convolutional neural network (CNN)."
What are the differences between using batch training and stochastic gradient descent (SGD) in neural network optimization? Maintain the context in the rephrased question.,"Batch: Updates weights using entire dataset, slower convergence. SGD: Updates weights using single data point, faster convergence, more noisy.","Batch optimization updates weights using entire dataset, leading to slower convergence. SGD updates weights with one data point, faster but noisier.","Batch training is a subset of SGD, while SGD is a broader approach that incorporates multiple layers of data."
what does X.ndim do in pytorch? What is the equivalent function in tensorflow package?,"In PyTorch, X.ndim returns the number of dimensions in tensor X. The equivalent function in TensorFlow is tf.rank(X).","In PyTorch, X.ndim returns the number of dimensions (rank) of tensor X. The equivalent function in TensorFlow is tf.rank(X), which also returns the tensor's rank.","In tensorflow, the tensor is iteratively updated through the tensor, iteratively updating the weights, and then the corresponding weights are updated using the gradient descent algorithm."
Will slow compression over many layers & abrupt expansion over few layers lead to data loss in autoencoder?,"Slow compression and abrupt expansion in autoencoders can cause data loss and affect reconstruction quality, especially if information is lost in bottleneck layers.","Slow compression and abrupt expansion in autoencoders may cause some information loss due to the reduced dimensions, but regularization techniques and suitable architectures can mitigate this issue.","Yes, slow compression over many layers & abrupt expansion over few layers lead to data loss in autoencoder."
Can FAQ bots be developed or constructed using Interactive ML?,FAQ bots can indeed be modeled and built using Interactive ML techniques.,It is possible to leverage Interactive ML to create and train FAQ bots effectively.,"Yes, bots can be developed or constructed using Interactive ML, which is a popular approach for building bots using existing data."
Does user controls the number of features to be selected in each tree of a Random Forest model a hyperparameter ?,The number of features to be selected in each tree of a Random Forest model is a hyperparameter that can be controlled by the user.,The user has the flexibility to specify a fixed number of features or a fraction of the total features to be considered for each tree.,The number of features to be selected in each tree of a Random Forest model is a hyperparameter that can be adjusted by the user.
"When is backpropagation performed in neural networks, and what is its role in the learning process? Maintain the context in the rephrased question.","During neural network training, backpropagation computes gradients from the output layer backward, adjusting weights based on errors calculated.","In neural network training, backpropagation calculates gradients from output to input, enabling weight adjustments based on error computations.","Backpropagation is performed in neural networks by adjusting the weights of the convolutional filter to minimize the loss function, and then propagating the weights back to the input layer."
What is the primary challenge in current NLP research that researchers are actively working to overcome?,"The current biggest challenge in NLP research is developing models that possess a deeper understanding of context, semantics, and reasoning abilities.","Researchers are actively working on addressing the challenge of building NLP models that can accurately handle ambiguity, context, and nuanced linguistic understanding.","The primary challenge in NLP research is to identify and address the fundamental problems and problems that arise in the field of NLP, including the inadequacies of the language, the inadequacies of the model, and the inadequacies of the methods used to capture and analyze the data."
"Is MSE the only loss function used for
time series, or can other loss functions
also be applied?","While MSE is common for time series,
other loss functions like MAE or custom
losses can also be used based on specific
needs and characteristics of the data.","While MSE is commonly used for time series
forecasting,other loss functions like MAE,
Huber loss,RMSE and custom loss functions
can be employed.","MSE is not the only loss function used for time series,
or can other loss functions also be applied."
where do we use cartesian?,"Euclidean refers to a type of distance measurement that calculates the straight-line distance between two points in space,",cartesian refers to a coordinate system that uses two or more axes to represent points in space.,Cartesian coordinates are the coordinates of the distance between two points in a vector space. Cartesian coordinates are the coordinates of the distance between two points in a vector space.
What is the cross Entropy loss? Is that same as Misclassfication rate?,Cross-entropy loss measures how well the model's predictions match the true labels. It is not same as Misclassification rate which measures the percentage of samples that are misclassified by the model.,Cross-entropy loss measures how much information is lost when the model's predictions are used to represent the true labels. Misclassification rate measures the percentage of samples that the model gets wrong.,Cross Entropy loss is a measure of the number of distinctially dissimilarially dissimilarially dissimilariated samples in a dataset. It is calculated by subtracting the number of distinctially dissimilariated samples from the cross entropy loss.
"What is the significance of data mining with ML and AI? How does it differ from traditional data mining, where predictions are left to humans, while ML can make predictions for humans?","Data mining with ML & AI is crucial. ML automates prediction, while data mining relies on human-driven analysis. Together, they enhance decision-making and uncover valuable insights efficiently.","Data mining with ML and AI is vital as it automates predictions from vast datasets, enabling faster and more accurate insights, relieving humans from manual prediction tasks.","Data mining with ML and AI is not as different as traditional data mining, where predictions are made by humans."
"Does backpropagation occur exclusively in the fully connected layer, or does it involve other layers in the neural network? Maintain the context in the rephrased question.","Backpropagation updates all layer weights, including convolutions, in CNNs by computing gradients and propagating them for learning and optimization.","CNN backpropagation computes gradients, updating all layer weights, including convolutions, for learning and optimization during training.","Backpropagation occurs in the fully connected layer, or does it involve other layers in the neural network?"
Is it ideal for autoencoders to be symmetric? Could slow compression over many layers and abrupt expansion over a few layers lead to data loss?,"Yes, in autoencoders, symmetric design ensures effective data reconstruction. Slow compression and abrupt expansion can lead to information loss. A balanced architecture and training process are crucial to preserve information and prevent data loss.","There is no specific constraint on the symmetry of an autoencoder. Autoencoders are designed to learn a compressed representation of the input data, and this process inherently involves some loss of information.","Yes, autoencoders can be symmetric by reducing the number of layers, but it is not ideal for autoencoders to be symmetric."
"Can autoencoders be used as a dimensionality reduction tool, similar to PCA, in supervised learning scenarios?","Yes, autoencoders can be employed as a dimensionality reduction technique in supervised learning by training the encoder to capture meaningful features, which can enhance the performance of supervised models.","Autoencoders can serve as an effective dimensionality reduction tool in supervised learning by learning compact representations that preserve relevant information, facilitating improved performance in classification or regression tasks.","Autoencoders can be used as a dimensionality reduction tool, similar to PCA, in supervised learning scenarios."
Can you repeat difference between data mining and machine learning,"Data mining refers to the process of discovering patterns, relationships, and insights from large datasets.",Machine learning is a subset of data mining that involves the use of algorithms and statistical models to enable computers to learn from data and make predictions or decisions.,"Data mining is a different approach to machine learning, where the data is extracted from a large dataset and trained on a model to learn from it. Machine learning is a more general approach, where the data is trained on a model and then trained on a model to learn from it."
Is there any software available for clinical language annotation?,"CLAMP (Clinical Language Annotation, Modeling, and Processing) is a NLP tool developed for clinical text analysis,used to extract and process information in healthcare and medical domains.",CLAMP is a comprehensive clinical Natural Language Processing (NLP) software that enables recognition and automatic encoding of clinical information in narrative patient reports.,"There are several popular tools for annotation, including Word2Vec, Word2Vec, and Word2Vec."
When do we slice?,"Slicing is a useful technique in Python for extracting a subset of elements from a list, tuple, or array.",Slicing can be useful for working with large datasets or for extracting specific subsets of data for analysis.,"The choice of slicing depends on the specific problem and the specific data. Slicing is typically done by slicing the input data into smaller segments, while extracting features from the output data."
"In terms of obtaining better context, is lemmatization generally considered superior to stemming?","Yes, lemmatization is generally considered better than stemming for preserving the context of words.","Yes,Unlike stemming, which simply trims words to their root form, lemmatization aims to determine the base or dictionary form of a word (the lemma), considering its part of speech and semantic meaning.","Yes, lemmatization is generally considered superior to stemming for obtaining better context, as it can be used to extract meaningful information from text, while stemming can be used to extract contextual information from text."
Does the kernel provide information about the higher dimension count?,The kernel in machine learning doesn't directly provide information about the higher dimension count; it is a mathematical function used for transforming data.,"No. The kernel is a function used in machine learning algorithms to measure similarity or transform data, but it does not inherently reveal the dimensionality of the data.","The kernel provides information about the higher dimension count, which can be used to identify features or classes that are not represented in the data."
